Time,GeoType,GeoID,GeoRank,Geography,Number (10+ mcg/dL),Number (15+ mcg/dL),Number (5+ mcg/dL),Number tested,"Rate (10+ mcg/dL) per 1,000 tested","Rate (15+ mcg/dL) per 1,000 tested","Rate (5+ mcg/dL) per 1,000 tested"
2021,UHF42,101,4,Kingsbridge - Riverdale,2*,0*,11*,"2,290",0.9*,0.0*,4.8*
2021,UHF42,102,4,Northeast Bronx,22,8*,60,"4,920",4.5,1.6*,12.2
2021,UHF42,103,4,Fordham - Bronx Pk,28,8*,105,"9,010",3.1,0.9*,11.7
2021,UHF42,104,4,Pelham - Throgs Neck,30,15,94,"9,720",3.1,1.5,9.7
2021,UHF42,105,4,Crotona -Tremont,24,12,82,"7,880",3.0,1.5,10.4
2021,UHF42,106,4,High Bridge - Morrisania,18,7*,72,"7,830",2.3,0.9*,9.2
2021,UHF42,107,4,Hunts Point - Mott Haven,13,8*,39,"4,700",2.8,1.7*,8.3
2021,UHF42,201,4,Greenpoint,14,8*,97,"3,760",3.7,2.1*,25.8
2021,UHF42,202,4,Downtown - Heights - Slope,15,3*,63,"6,180",2.4,0.5*,10.2
2021,UHF42,203,4,Bedford Stuyvesant - Crown Heights,33,8*,152,"9,510",3.5,0.8*,16.0
2021,UHF42,204,4,East New York,16,6*,75,"7,650",2.1,0.8*,9.8
2021,UHF42,205,4,Sunset Park,13,4*,49,"5,330",2.4,0.8*,9.2
2021,UHF42,206,4,Borough Park,46,9*,224,"12,080",3.8,0.7*,18.5
2021,UHF42,207,4,East Flatbush - Flatbush,28,11*,109,"8,050",3.5,1.4*,13.5
2021,UHF42,208,4,Canarsie - Flatlands,12,8*,42,"5,620",2.1,1.4*,7.5
2021,UHF42,209,4,Bensonhurst - Bay Ridge,23,11*,82,"6,390",3.6,1.7*,12.8
2021,UHF42,210,4,Coney Island - Sheepshead Bay,33,15,124,"9,390",3.5,1.6,13.2
2021,UHF42,211,4,Williamsburg - Bushwick,11*,4*,95,"6,250",1.8*,0.6*,15.2
2021,UHF42,301,4,Washington Heights,7*,4*,52,"6,010",1.2*,0.7*,8.6
2021,UHF42,302,4,Central Harlem - Morningside Heights,9*,4*,31,"3,990",2.3*,1.0*,7.8
2021,UHF42,303,4,East Harlem,2*,0*,9*,"2,490",0.8*,0.0*,3.6*
2021,UHF42,304,4,Upper West Side,10*,5*,24,"3,290",3.0*,1.5*,7.3
2021,UHF42,305,4,Upper East Side,4*,0*,17,"3,190",1.3*,0.0*,5.3
2021,UHF42,306,4,Chelsea - Clinton,0*,0*,5*,"1,820",0.0*,0.0*,2.7*
2021,UHF42,307,4,Gramercy Park - Murray Hill,0*,0*,4*,"1,700",0.0*,0.0*,2.3*
2021,UHF42,308,4,Greenwich Village - SoHo,1*,1*,6*,"1,090",0.9*,0.9*,5.5*
2021,UHF42,309,4,Union Square - Lower East Side,2*,0*,17,"2,460",0.8*,0.0*,6.9
2021,UHF42,310,4,Lower Manhattan,1*,0*,2*,"1,200",0.8*,0.0*,1.7*
2021,UHF42,401,4,Long Island City - Astoria,11*,5*,47,"5,700",1.9*,0.9*,8.2
2021,UHF42,402,4,West Queens,53,20,198,"15,740",3.4,1.3,12.6
2021,UHF42,403,4,Flushing - Clearview,8*,6*,36,"7,310",1.1*,0.8*,4.9
2021,UHF42,404,4,Bayside - Little Neck,1*,1*,8*,"1,750",0.6*,0.6*,4.6*
2021,UHF42,405,4,Ridgewood - Forest Hills,11*,4*,64,"7,330",1.5*,0.5*,8.7
2021,UHF42,406,4,Fresh Meadows,4*,0*,17,"3,110",1.3*,0.0*,5.5
2021,UHF42,407,4,Southwest Queens,30,13,127,"8,900",3.4,1.5,14.3
2021,UHF42,408,4,Jamaica,24,14,120,"10,790",2.2,1.3,11.1
2021,UHF42,409,4,Southeast Queens,13,5*,56,"4,800",2.7,1.0*,11.7
2021,UHF42,410,4,Rockaways,7*,0*,32,"3,640",1.9*,0.0*,8.8
2021,UHF42,501,4,Port Richmond,12,7*,32,"2,330",5.1,3.0*,13.7
2021,UHF42,502,4,Stapleton - St. George,7*,3*,52,"3,860",1.8*,0.8*,13.5
2021,UHF42,503,4,Willowbrook,2*,2*,12,"2,030",1.0*,1.0*,5.9
2021,UHF42,504,4,South Beach - Tottenville,1*,1*,12,"3,720",0.3*,0.3*,3.2
2021,Borough,1,1,Bronx,137,58,463,"46,300",3.0,1.3,10.0
2021,Borough,2,1,Brooklyn,244,87,"1,112","80,200",3.0,1.1,13.9
2021,Borough,3,1,Manhattan,36,14,167,"27,200",1.3,0.5,6.1
2021,Borough,4,1,Queens,162,68,705,"69,100",2.3,1.0,10.2
2021,Borough,5,1,Staten Island,22,13,108,"11,900",1.8,1.1,9.0
2021,Citywide,1,0,New York City,601,240,"2,557","236,900",2.5,1.0,10.8
2020,UHF42,101,4,Kingsbridge - Riverdale,2*,1*,16,"2,210",0.9*,0.5*,7.3
2020,UHF42,102,4,Northeast Bronx,18,7*,58,"4,460",4.0,1.6*,13.0
2020,UHF42,103,4,Fordham - Bronx Pk,26,7*,94,"8,820",2.9,0.8*,10.7
2020,UHF42,104,4,Pelham - Throgs Neck,15,7*,73,"8,940",1.7,0.8*,8.2
2020,UHF42,105,4,Crotona -Tremont,20,6*,72,"7,600",2.6,0.8*,9.5
2020,UHF42,106,4,High Bridge - Morrisania,17,5*,67,"7,550",2.3,0.7*,8.9
2020,UHF42,107,4,Hunts Point - Mott Haven,3*,0*,38,"4,750",0.6*,0.0*,8.0
2020,UHF42,201,4,Greenpoint,25,10*,142,"4,110",6.1,2.4*,34.5
2020,UHF42,202,4,Downtown - Heights - Slope,12,2*,62,"6,320",1.9,0.3*,9.8
2020,UHF42,203,4,Bedford Stuyvesant - Crown Heights,26,9*,138,"8,960",2.9,1.0*,15.4
2020,UHF42,204,4,East New York,19,9*,85,"7,590",2.5,1.2*,11.2
2020,UHF42,205,4,Sunset Park,11*,2*,49,"5,390",2.0*,0.4*,9.1
2020,UHF42,206,4,Borough Park,49,20,286,"12,330",4.0,1.6,23.2
2020,UHF42,207,4,East Flatbush - Flatbush,26,8*,90,"7,750",3.4,1.0*,11.6
2020,UHF42,208,4,Canarsie - Flatlands,10*,5*,34,"5,580",1.8*,0.9*,6.1
2020,UHF42,209,4,Bensonhurst - Bay Ridge,23,9*,92,"6,610",3.5,1.4*,13.9
2020,UHF42,210,4,Coney Island - Sheepshead Bay,30,11*,119,"9,210",3.3,1.2*,12.9
2020,UHF42,211,4,Williamsburg - Bushwick,11*,5*,90,"6,210",1.8*,0.8*,14.5
2020,UHF42,301,4,Washington Heights,9*,3*,47,"5,860",1.5*,0.5*,8.0
2020,UHF42,302,4,Central Harlem - Morningside Heights,6*,0*,29,"3,630",1.7*,0.0*,8.0
2020,UHF42,303,4,East Harlem,2*,0*,15,"2,520",0.8*,0.0*,6.0
2020,UHF42,304,4,Upper West Side,2*,1*,19,"3,220",0.6*,0.3*,5.9
2020,UHF42,305,4,Upper East Side,9*,2*,14,"3,200",2.8*,0.6*,4.4
2020,UHF42,306,4,Chelsea - Clinton,2*,0*,8*,"1,810",1.1*,0.0*,4.4*
2020,UHF42,307,4,Gramercy Park - Murray Hill,0*,0*,3*,"1,880",0.0*,0.0*,1.6*
2020,UHF42,308,4,Greenwich Village - SoHo,2*,1*,8*,"1,240",1.6*,0.8*,6.4*
2020,UHF42,309,4,Union Square - Lower East Side,1*,1*,10*,"2,550",0.4*,0.4*,3.9*
2020,UHF42,310,4,Lower Manhattan,1*,0*,2*,"1,350",0.7*,0.0*,1.5*
2020,UHF42,401,4,Long Island City - Astoria,5*,3*,47,"5,890",0.8*,0.5*,8.0
2020,UHF42,402,4,West Queens,41,19,182,"15,770",2.6,1.2,11.5
2020,UHF42,403,4,Flushing - Clearview,14,9*,46,"7,390",1.9,1.2*,6.2
2020,UHF42,404,4,Bayside - Little Neck,1*,0*,8*,"1,760",0.6*,0.0*,4.5*
2020,UHF42,405,4,Ridgewood - Forest Hills,20,3*,79,"7,580",2.6,0.4*,10.4
2020,UHF42,406,4,Fresh Meadows,6*,2*,29,"3,390",1.8*,0.6*,8.5
2020,UHF42,407,4,Southwest Queens,26,9*,122,"9,040",2.9,1.0*,13.5
2020,UHF42,408,4,Jamaica,21,10*,123,"10,750",2.0,0.9*,11.4
2020,UHF42,409,4,Southeast Queens,11*,3*,68,"4,690",2.3*,0.6*,14.5
2020,UHF42,410,4,Rockaways,6*,4*,36,"3,690",1.6*,1.1*,9.8
2020,UHF42,501,4,Port Richmond,15,9*,39,"2,120",7.1,4.2*,18.4
2020,UHF42,502,4,Stapleton - St. George,6*,3*,38,"3,370",1.8*,0.9*,11.3
2020,UHF42,503,4,Willowbrook,2*,1*,12,"1,830",1.1*,0.5*,6.6
2020,UHF42,504,4,South Beach - Tottenville,3*,0*,14,"3,260",0.9*,0.0*,4.3
2020,Borough,1,1,Bronx,101,33,418,"44,300",2.3,0.7,9.4
2020,Borough,2,1,Brooklyn,242,90,"1,187","80,100",3.0,1.1,14.8
2020,Borough,3,1,Manhattan,34,8*,155,"27,300",1.2,0.3*,5.7
2020,Borough,4,1,Queens,151,62,740,"70,000",2.2,0.9,10.6
2020,Borough,5,1,Staten Island,26,13,103,"10,600",2.5,1.2,9.7
2020,Citywide,1,0,New York City,554,206,"2,603","232,600",2.4,0.9,11.2
2019,UHF42,101,4,Kingsbridge - Riverdale,4*,3*,21,"2,600",1.5*,1.1*,8.0
2019,UHF42,102,4,Northeast Bronx,17,8*,52,"5,500",3.1,1.5*,9.5
2019,UHF42,103,4,Fordham - Bronx Pk,36,17,140,"11,100",3.2,1.5,12.6
2019,UHF42,104,4,Pelham - Throgs Neck,25,6*,119,"11,300",2.2,0.5*,10.6
2019,UHF42,105,4,Crotona -Tremont,28,13,88,"9,700",2.9,1.3,9.1
2019,UHF42,106,4,High Bridge - Morrisania,14,6*,95,"9,600",1.5,0.6*,9.9
2019,UHF42,107,4,Hunts Point - Mott Haven,5*,2*,49,"6,100",0.8*,0.3*,8.1
2019,UHF42,201,4,Greenpoint,16,7*,132,"4,700",3.4,1.5*,28.1
2019,UHF42,202,4,Downtown - Heights - Slope,9*,0*,56,"7,500",1.2*,0.0*,7.4
2019,UHF42,203,4,Bedford Stuyvesant - Crown Heights,30,19,137,"11,400",2.6,1.7,12.0
2019,UHF42,204,4,East New York,23,14,89,"9,200",2.5,1.5,9.7
2019,UHF42,205,4,Sunset Park,10*,3*,58,"7,500",1.3*,0.4*,7.7
2019,UHF42,206,4,Borough Park,75,31,348,"15,200",4.9,2.0,22.9
2019,UHF42,207,4,East Flatbush - Flatbush,29,10*,156,"10,100",2.9,1.0*,15.5
2019,UHF42,208,4,Canarsie - Flatlands,6*,3*,42,"6,700",0.9*,0.4*,6.2
2019,UHF42,209,4,Bensonhurst - Bay Ridge,26,14,100,"8,000",3.3,1.8,12.6
2019,UHF42,210,4,Coney Island - Sheepshead Bay,30,14,165,"11,100",2.7,1.3,14.8
2019,UHF42,211,4,Williamsburg - Bushwick,18,6*,105,"7,800",2.3,0.8*,13.4
2019,UHF42,301,4,Washington Heights,10*,2*,52,"7,600",1.3*,0.3*,6.8
2019,UHF42,302,4,Central Harlem - Morningside Heights,13,7*,47,"5,000",2.6,1.4*,9.4
2019,UHF42,303,4,East Harlem,1*,0*,23,"3,100",0.3*,0.0*,7.4
2019,UHF42,304,4,Upper West Side,6*,1*,28,"4,000",1.5*,0.3*,7.0
2019,UHF42,305,4,Upper East Side,4*,2*,8*,"4,100",1.0*,0.5*,1.9*
2019,UHF42,306,4,Chelsea - Clinton,4*,1*,11*,"2,100",1.9*,0.5*,5.3*
2019,UHF42,307,4,Gramercy Park - Murray Hill,1*,0*,7*,"2,200",0.5*,0.0*,3.2*
2019,UHF42,308,4,Greenwich Village - SoHo,1*,1*,5*,"1,500",0.7*,0.7*,3.3*
2019,UHF42,309,4,Union Square - Lower East Side,1*,0*,16,"3,200",0.3*,0.0*,5.0
2019,UHF42,310,4,Lower Manhattan,0*,0*,1*,"1,600",0.0*,0.0*,0.6*
2019,UHF42,401,4,Long Island City - Astoria,11*,3*,57,"6,700",1.6*,0.4*,8.5
2019,UHF42,402,4,West Queens,33,16,197,"19,100",1.7,0.8,10.3
2019,UHF42,403,4,Flushing - Clearview,11*,3*,42,"9,000",1.2*,0.3*,4.7
2019,UHF42,404,4,Bayside - Little Neck,2*,1*,6*,"2,100",1.0*,0.5*,2.9*
2019,UHF42,405,4,Ridgewood - Forest Hills,7*,3*,60,"8,500",0.8*,0.4*,7.1
2019,UHF42,406,4,Fresh Meadows,6*,3*,23,"3,700",1.6*,0.8*,6.2
2019,UHF42,407,4,Southwest Queens,39,11*,142,"10,700",3.7,1.0*,13.3
2019,UHF42,408,4,Jamaica,32,9*,153,"12,600",2.5,0.7*,12.2
2019,UHF42,409,4,Southeast Queens,11*,6*,65,"5,300",2.1*,1.1*,12.2
2019,UHF42,410,4,Rockaways,11*,6*,45,"4,500",2.4*,1.3*,9.9
2019,UHF42,501,4,Port Richmond,7*,2*,30,"2,700",2.6*,0.8*,11.3
2019,UHF42,502,4,Stapleton - St. George,12,5*,50,"4,300",2.8,1.2*,11.5
2019,UHF42,503,4,Willowbrook,5*,1*,14,"2,400",2.1*,0.4*,5.9
2019,UHF42,504,4,South Beach - Tottenville,1*,0*,16,"4,400",0.2*,0.0*,3.6
2019,Borough,1,1,Bronx,129,55,564,"55,700",2.3,1.0,10.1
2019,Borough,2,1,Brooklyn,272,121,"1,388","99,300",2.7,1.2,14.0
2019,Borough,3,1,Manhattan,41,14,198,"34,500",1.2,0.4,5.7
2019,Borough,4,1,Queens,163,61,790,"82,100",2.0,0.7,9.6
2019,Borough,5,1,Staten Island,25,8*,110,"13,800",1.8,0.6*,8.0
2019,Citywide,1,0,New York City,630,259,"3,050","285,800",2.2,0.9,10.7
2018,UHF42,101,4,Kingsbridge - Riverdale,6*,4*,18,"2,600",2.3*,1.5*,6.9
2018,UHF42,102,4,Northeast Bronx,14,8*,70,"5,700",2.5,1.4*,12.4
2018,UHF42,103,4,Fordham - Bronx Pk,37,17,152,"11,400",3.3,1.5,13.4
2018,UHF42,104,4,Pelham - Throgs Neck,19,9*,121,"11,100",1.7,0.8*,10.9
2018,UHF42,105,4,Crotona -Tremont,24,11*,108,"9,800",2.4,1.1*,11.0
2018,UHF42,106,4,High Bridge - Morrisania,21,7*,107,"9,900",2.1,0.7*,10.8
2018,UHF42,107,4,Hunts Point - Mott Haven,7*,4*,58,"6,200",1.1*,0.6*,9.4
2018,UHF42,201,4,Greenpoint,24,6*,172,"4,200",5.7,1.4*,40.7
2018,UHF42,202,4,Downtown - Heights - Slope,12,3*,92,"7,000",1.7,0.4*,13.2
2018,UHF42,203,4,Bedford Stuyvesant - Crown Heights,37,13,168,"11,600",3.2,1.1,14.5
2018,UHF42,204,4,East New York,23,8*,118,"9,300",2.5,0.9*,12.7
2018,UHF42,205,4,Sunset Park,13,4*,70,"7,900",1.7,0.5*,8.9
2018,UHF42,206,4,Borough Park,69,29,518,"16,000",4.3,1.8,32.5
2018,UHF42,207,4,East Flatbush - Flatbush,43,17,202,"9,800",4.4,1.7,20.6
2018,UHF42,208,4,Canarsie - Flatlands,8*,1*,73,"6,600",1.2*,0.2*,11.0
2018,UHF42,209,4,Bensonhurst - Bay Ridge,29,12,117,"7,500",3.8,1.6,15.5
2018,UHF42,210,4,Coney Island - Sheepshead Bay,44,13,213,"11,300",3.9,1.2,18.9
2018,UHF42,211,4,Williamsburg - Bushwick,19,7*,127,"7,700",2.5,0.9*,16.6
2018,UHF42,301,4,Washington Heights,12,3*,69,"7,700",1.6,0.4*,9.0
2018,UHF42,302,4,Central Harlem - Morningside Heights,7*,1*,55,"4,900",1.4*,0.2*,11.3
2018,UHF42,303,4,East Harlem,4*,0*,20,"3,200",1.3*,0.0*,6.3
2018,UHF42,304,4,Upper West Side,5*,2*,29,"4,000",1.3*,0.5*,7.3
2018,UHF42,305,4,Upper East Side,1*,0*,17,"3,800",0.3*,0.0*,4.5
2018,UHF42,306,4,Chelsea - Clinton,4*,2*,12,"1,600",2.6*,1.3*,7.7
2018,UHF42,307,4,Gramercy Park - Murray Hill,2*,1*,12,"1,800",1.1*,0.5*,6.6
2018,UHF42,308,4,Greenwich Village - SoHo,2*,1*,12,"1,300",1.5*,0.7*,9.0
2018,UHF42,309,4,Union Square - Lower East Side,4*,2*,15,"3,000",1.3*,0.7*,5.0
2018,UHF42,310,4,Lower Manhattan,1*,1*,2*,"1,400",0.7*,0.7*,1.4*
2018,UHF42,401,4,Long Island City - Astoria,15,7*,68,"6,500",2.3,1.1*,10.4
2018,UHF42,402,4,West Queens,52,17,260,"19,700",2.6,0.9,13.2
2018,UHF42,403,4,Flushing - Clearview,8*,4*,55,"9,100",0.9*,0.4*,6.1
2018,UHF42,404,4,Bayside - Little Neck,1*,0*,11*,"2,100",0.5*,0.0*,5.3*
2018,UHF42,405,4,Ridgewood - Forest Hills,11*,4*,100,"8,900",1.2*,0.5*,11.3
2018,UHF42,406,4,Fresh Meadows,9*,5*,34,"3,900",2.3*,1.3*,8.7
2018,UHF42,407,4,Southwest Queens,27,7*,130,"10,300",2.6,0.7*,12.6
2018,UHF42,408,4,Jamaica,51,21,186,"12,800",4.0,1.6,14.6
2018,UHF42,409,4,Southeast Queens,16,9*,80,"5,400",3.0,1.7*,14.9
2018,UHF42,410,4,Rockaways,5*,2*,37,"4,500",1.1*,0.4*,8.2
2018,UHF42,501,4,Port Richmond,10*,7*,51,"2,700",3.7*,2.6*,19.0
2018,UHF42,502,4,Stapleton - St. George,14,7*,69,"4,100",3.4,1.7*,16.8
2018,UHF42,503,4,Willowbrook,7*,6*,21,"2,300",3.1*,2.6*,9.2
2018,UHF42,504,4,South Beach - Tottenville,3*,2*,13,"3,700",0.8*,0.5*,3.5
2018,Borough,1,1,Bronx,128,60,634,"56,600",2.3,1.1,11.2
2018,Borough,2,1,Brooklyn,321,113,"1,870","98,800",3.3,1.1,18.9
2018,Borough,3,1,Manhattan,42,13,243,"32,500",1.3,0.4,7.5
2018,Borough,4,1,Queens,195,76,961,"83,100",2.3,0.9,11.6
2018,Borough,5,1,Staten Island,34,22,154,"12,800",2.7,1.7,12.1
2018,Citywide,1,0,New York City,720,284,"3,866","284,200",2.5,1.0,13.6
2017,UHF42,101,4,Kingsbridge - Riverdale,3*,1*,16,"2,500",1.2*,0.4*,6.3
2017,UHF42,102,4,Northeast Bronx,17,5*,69,"5,700",3.0,0.9*,12.1
2017,UHF42,103,4,Fordham - Bronx Pk,42,16,190,"11,800",3.6,1.4,16.2
2017,UHF42,104,4,Pelham - Throgs Neck,24,8*,132,"11,100",2.2,0.7*,11.9
2017,UHF42,105,4,Crotona -Tremont,32,15,146,"10,100",3.2,1.5,14.5
2017,UHF42,106,4,High Bridge - Morrisania,25,14,116,"10,300",2.4,1.4,11.3
2017,UHF42,107,4,Hunts Point - Mott Haven,16,8*,83,"6,300",2.5,1.3*,13.2
2017,UHF42,201,4,Greenpoint,25,8*,179,"3,900",6.3,2.0*,45.4
2017,UHF42,202,4,Downtown - Heights - Slope,19,6*,87,"6,800",2.8,0.9*,12.7
2017,UHF42,203,4,Bedford Stuyvesant - Crown Heights,42,12,196,"12,000",3.5,1.0,16.3
2017,UHF42,204,4,East New York,25,10*,129,"9,600",2.6,1.0*,13.5
2017,UHF42,205,4,Sunset Park,24,7*,89,"8,500",2.8,0.8*,10.5
2017,UHF42,206,4,Borough Park,71,30,531,"16,300",4.3,1.8,32.5
2017,UHF42,207,4,East Flatbush - Flatbush,31,10*,183,"10,200",3.0,1.0*,17.9
2017,UHF42,208,4,Canarsie - Flatlands,11*,1*,80,"6,900",1.6*,0.1*,11.7
2017,UHF42,209,4,Bensonhurst - Bay Ridge,33,12,136,"7,700",4.3,1.6,17.6
2017,UHF42,210,4,Coney Island - Sheepshead Bay,43,15,205,"11,300",3.8,1.3,18.1
2017,UHF42,211,4,Williamsburg - Bushwick,27,9*,177,"8,100",3.3,1.1*,21.8
2017,UHF42,301,4,Washington Heights,11*,6*,71,"7,900",1.4*,0.8*,9.0
2017,UHF42,302,4,Central Harlem - Morningside Heights,5*,1*,42,"4,800",1.0*,0.2*,8.8
2017,UHF42,303,4,East Harlem,7*,3*,27,"3,200",2.2*,0.9*,8.4
2017,UHF42,304,4,Upper West Side,2*,0*,27,"4,000",0.5*,0.0*,6.8
2017,UHF42,305,4,Upper East Side,3*,1*,14,"3,900",0.8*,0.3*,3.6
2017,UHF42,306,4,Chelsea - Clinton,10*,5*,24,"1,600",6.3*,3.2*,15.2
2017,UHF42,307,4,Gramercy Park - Murray Hill,3*,1*,12,"1,800",1.6*,0.5*,6.5
2017,UHF42,308,4,Greenwich Village - SoHo,3*,1*,9*,"1,400",2.2*,0.7*,6.5*
2017,UHF42,309,4,Union Square - Lower East Side,5,0,25,"3,300",1.5,0.0,7.5
2017,UHF42,310,4,Lower Manhattan,1*,0*,5*,"1,500",0.7*,0.0*,3.3*
2017,UHF42,401,4,Long Island City - Astoria,14,6*,82,"6,700",2.1,0.9*,12.3
2017,UHF42,402,4,West Queens,50,13,285,"21,100",2.4,0.6,13.5
2017,UHF42,403,4,Flushing - Clearview,13,7*,72,"9,800",1.3,0.7*,7.3
2017,UHF42,404,4,Bayside - Little Neck,2*,0*,8*,"2,300",0.9*,0.0*,3.5*
2017,UHF42,405,4,Ridgewood - Forest Hills,19,9*,104,"9,000",2.1,1.0*,11.5
2017,UHF42,406,4,Fresh Meadows,6*,1*,38,"4,000",1.5*,0.3*,9.5
2017,UHF42,407,4,Southwest Queens,29,9*,166,"10,800",2.7,0.8*,15.3
2017,UHF42,408,4,Jamaica,44,18,205,"13,100",3.3,1.4,15.6
2017,UHF42,409,4,Southeast Queens,15,9*,80,"5,800",2.6,1.6*,13.9
2017,UHF42,410,4,Rockaways,6*,2*,54,"4,600",1.3*,0.4*,11.7
2017,UHF42,501,4,Port Richmond,14,6*,58,"2,800",4.9,2.1*,20.4
2017,UHF42,502,4,Stapleton - St. George,15,9*,62,"4,200",3.6,2.2*,14.9
2017,UHF42,503,4,Willowbrook,8*,2*,20,"2,200",3.7*,0.9*,9.2
2017,UHF42,504,4,South Beach - Tottenville,4*,1*,16,"3,600",1.1*,0.3*,4.4
2017,Borough,1,1,Bronx,159,67,752,"57,700",2.8,1.2,13.0
2017,Borough,2,1,Brooklyn,351,120,"1,992","101,500",3.5,1.2,19.6
2017,Borough,3,1,Manhattan,50,18,256,"33,500",1.5,0.5,7.7
2017,Borough,4,1,Queens,198,74,"1,094","87,300",2.3,0.8,12.5
2017,Borough,5,1,Staten Island,41,18,156,"12,800",3.2,1.4,12.2
2017,Citywide,1,0,New York City,799,297,"4,261","293,300",2.7,1.0,14.5
2016,UHF42,101,4,Kingsbridge - Riverdale,5*,1*,23,"2,500",2.0*,0.4*,9.0
2016,UHF42,102,4,Northeast Bronx,18,11*,83,"5,800",3.1,1.9*,14.3
2016,UHF42,103,4,Fordham - Bronx Pk,47,24,209,"11,900",3.9,2.0,17.5
2016,UHF42,104,4,Pelham - Throgs Neck,26,7*,188,"11,100",2.3,0.6*,16.9
2016,UHF42,105,4,Crotona -Tremont,34,14,137,"10,300",3.3,1.4,13.4
2016,UHF42,106,4,High Bridge - Morrisania,15,5*,158,"10,500",1.4,0.5*,15.1
2016,UHF42,107,4,Hunts Point - Mott Haven,17,9*,81,"6,700",2.5,1.3*,12.1
2016,UHF42,201,4,Greenpoint,29,8*,216,"4,200",7.0,1.9*,51.9
2016,UHF42,202,4,Downtown - Heights - Slope,17,3*,130,"7,200",2.4,0.4*,18.0
2016,UHF42,203,4,Bedford Stuyvesant - Crown Heights,34,12,243,"12,200",2.8,1.0,19.9
2016,UHF42,204,4,East New York,24,3*,158,"9,700",2.5,0.3*,16.3
2016,UHF42,205,4,Sunset Park,16,6*,111,"9,200",1.7,0.7*,12.1
2016,UHF42,206,4,Borough Park,86,33,575,"16,400",5.2,2.0,35.0
2016,UHF42,207,4,East Flatbush - Flatbush,37,13,236,"10,700",3.5,1.2,22.1
2016,UHF42,208,4,Canarsie - Flatlands,6*,2*,88,"6,900",0.9*,0.3*,12.8
2016,UHF42,209,4,Bensonhurst - Bay Ridge,33,13,131,"7,600",4.3,1.7,17.2
2016,UHF42,210,4,Coney Island - Sheepshead Bay,60,17,246,"11,100",5.4,1.5,22.2
2016,UHF42,211,4,Williamsburg - Bushwick,34,12,179,"8,500",4.0,1.4,21.2
2016,UHF42,301,4,Washington Heights,19,6*,73,"8,200",2.3,0.7*,8.9
2016,UHF42,302,4,Central Harlem - Morningside Heights,9*,5*,69,"5,100",1.8*,1.0*,13.4
2016,UHF42,303,4,East Harlem,5*,2*,26,"3,300",1.5*,0.6*,7.9
2016,UHF42,304,4,Upper West Side,5*,3*,26,"4,000",1.3*,0.8*,6.6
2016,UHF42,305,4,Upper East Side,0*,0*,14,"3,900",0.0*,0.0*,3.6
2016,UHF42,306,4,Chelsea - Clinton,2*,2*,14,"1,800",1.1*,1.1*,7.8
2016,UHF42,307,4,Gramercy Park - Murray Hill,1*,1*,6*,"1,800",0.6*,0.6*,3.4*
2016,UHF42,308,4,Greenwich Village - SoHo,1*,0*,15,"1,400",0.7*,0.0*,10.6
2016,UHF42,309,4,Union Square - Lower East Side,3*,2*,30,"3,500",0.9*,0.6*,8.7
2016,UHF42,310,4,Lower Manhattan,1*,1*,5*,"1,600",0.6*,0.6*,3.1*
2016,UHF42,401,4,Long Island City - Astoria,11*,4*,91,"6,500",1.7*,0.6*,13.9
2016,UHF42,402,4,West Queens,57,21,345,"21,400",2.7,1.0,16.1
2016,UHF42,403,4,Flushing - Clearview,12,4*,74,"9,600",1.2,0.4*,7.7
2016,UHF42,404,4,Bayside - Little Neck,1*,0*,13,"2,200",0.4*,0.0*,5.8
2016,UHF42,405,4,Ridgewood - Forest Hills,21,8*,126,"9,200",2.3,0.9*,13.7
2016,UHF42,406,4,Fresh Meadows,1*,1*,29,"3,800",0.3*,0.3*,7.7
2016,UHF42,407,4,Southwest Queens,41,17,216,"11,000",3.7,1.5,19.7
2016,UHF42,408,4,Jamaica,38,13,223,"13,100",2.9,1.0,17.1
2016,UHF42,409,4,Southeast Queens,14,6*,76,"5,800",2.4,1.0*,13.1
2016,UHF42,410,4,Rockaways,7*,1*,50,"4,600",1.5*,0.2*,10.8
2016,UHF42,501,4,Port Richmond,10*,2*,65,"2,900",3.5*,0.7*,22.6
2016,UHF42,502,4,Stapleton - St. George,15,6*,80,"4,200",3.6,1.4*,19.0
2016,UHF42,503,4,Willowbrook,3*,0*,19,"2,200",1.4*,0.0*,8.8
2016,UHF42,504,4,South Beach - Tottenville,7*,2*,28,"3,700",1.9*,0.5*,7.6
2016,Borough,1,1,Bronx,162,71,884,"59,000",2.7,1.2,15.0
2016,Borough,2,1,Brooklyn,376,122,"2,314","103,800",3.6,1.2,22.3
2016,Borough,3,1,Manhattan,46,22,289,"35,800",1.3,0.6,8.1
2016,Borough,4,1,Queens,203,75,"1,247","87,400",2.3,0.9,14.3
2016,Borough,5,1,Staten Island,35,10*,192,"12,900",2.7,0.8*,14.8
2016,Citywide,1,0,New York City,822,300,"4,928","299,000",2.7,1.0,16.5
2015,UHF42,101,4,Kingsbridge - Riverdale,10*,4*,26,"2,800",3.6*,1.5*,9.5
2015,UHF42,102,4,Northeast Bronx,17,6*,96,"5,900",2.9,1.0*,16.2
2015,UHF42,103,4,Fordham - Bronx Pk,31,15,217,"12,400",2.5,1.2,17.4
2015,UHF42,104,4,Pelham - Throgs Neck,38,15,212,"11,500",3.3,1.3,18.5
2015,UHF42,105,4,Crotona -Tremont,24,10*,163,"10,800",2.2,0.9*,15.1
2015,UHF42,106,4,High Bridge - Morrisania,22,7*,169,"10,900",2.0,0.6*,15.5
2015,UHF42,107,4,Hunts Point - Mott Haven,13,4*,83,"7,100",1.8,0.6*,11.7
2015,UHF42,201,4,Greenpoint,28,4*,215,"4,200",6.6,0.9*,51.0
2015,UHF42,202,4,Downtown - Heights - Slope,22,4*,132,"7,700",2.9,0.5*,17.2
2015,UHF42,203,4,Bedford Stuyvesant - Crown Heights,47,21,265,"13,100",3.6,1.6,20.2
2015,UHF42,204,4,East New York,41,14,193,"10,200",4.0,1.4,18.8
2015,UHF42,205,4,Sunset Park,21,6*,139,"9,600",2.2,0.6*,14.5
2015,UHF42,206,4,Borough Park,85,25,591,"17,000",5.0,1.5,34.8
2015,UHF42,207,4,East Flatbush - Flatbush,37,10*,264,"11,500",3.2,0.9*,23.0
2015,UHF42,208,4,Canarsie - Flatlands,13,2*,84,"7,200",1.8,0.3*,11.7
2015,UHF42,209,4,Bensonhurst - Bay Ridge,37,12,147,"7,800",4.8,1.5,18.9
2015,UHF42,210,4,Coney Island - Sheepshead Bay,58,29,223,"11,100",5.2,2.6,20.0
2015,UHF42,211,4,Williamsburg - Bushwick,34,15,200,"9,200",3.7,1.6,21.7
2015,UHF42,301,4,Washington Heights,22,9*,101,"8,800",2.5,1.0*,11.5
2015,UHF42,302,4,Central Harlem - Morningside Heights,9*,4*,67,"5,300",1.7*,0.8*,12.7
2015,UHF42,303,4,East Harlem,7*,2*,45,"3,500",2.0*,0.6*,12.8
2015,UHF42,304,4,Upper West Side,5*,1*,42,"4,100",1.2*,0.2*,10.2
2015,UHF42,305,4,Upper East Side,3*,0*,28,"4,200",0.7*,0.0*,6.7
2015,UHF42,306,4,Chelsea - Clinton,2*,2*,13,"1,900",1.0*,1.0*,6.7
2015,UHF42,307,4,Gramercy Park - Murray Hill,5*,0*,15,"1,900",2.7*,0.0*,8.1
2015,UHF42,308,4,Greenwich Village - SoHo,0*,0*,28,"1,500",0.0*,0.0*,19.2
2015,UHF42,309,4,Union Square - Lower East Side,6*,1*,41,"3,800",1.6*,0.3*,10.8
2015,UHF42,310,4,Lower Manhattan,0*,0*,8*,"1,500",0.0*,0.0*,5.2*
2015,UHF42,401,4,Long Island City - Astoria,16,6*,115,"6,800",2.4,0.9*,16.9
2015,UHF42,402,4,West Queens,65,19,361,"21,900",3.0,0.9,16.5
2015,UHF42,403,4,Flushing - Clearview,15,7*,108,"9,400",1.6,0.7*,11.5
2015,UHF42,404,4,Bayside - Little Neck,1*,1*,10*,"2,200",0.5*,0.5*,4.6*
2015,UHF42,405,4,Ridgewood - Forest Hills,21,9*,147,"9,500",2.2,1.0*,15.5
2015,UHF42,406,4,Fresh Meadows,10*,4*,42,"4,000",2.5*,1.0*,10.5
2015,UHF42,407,4,Southwest Queens,44,13,220,"11,300",3.9,1.1,19.4
2015,UHF42,408,4,Jamaica,47,19,236,"13,300",3.5,1.4,17.7
2015,UHF42,409,4,Southeast Queens,18,7*,86,"6,100",2.9,1.1*,14.0
2015,UHF42,410,4,Rockaways,7*,2*,48,"4,900",1.4*,0.4*,9.9
2015,UHF42,501,4,Port Richmond,7*,4*,56,"2,900",2.4*,1.4*,19.3
2015,UHF42,502,4,Stapleton - St. George,17,4*,77,"4,400",3.8,0.9*,17.4
2015,UHF42,503,4,Willowbrook,2*,1*,9*,"2,200",0.9*,0.4*,4.0*
2015,UHF42,504,4,South Beach - Tottenville,1*,0*,22,"4,200",0.2*,0.0*,5.3
2015,Borough,1,1,Bronx,155,61,971,"61,700",2.5,1.0,15.7
2015,Borough,2,1,Brooklyn,423,142,"2,458","108,800",3.9,1.3,22.6
2015,Borough,3,1,Manhattan,59,19,399,"37,500",1.6,0.5,10.6
2015,Borough,4,1,Queens,244,87,"1,377","89,500",2.7,1.0,15.4
2015,Borough,5,1,Staten Island,27,9*,164,"13,700",2.0,0.7*,11.9
2015,Citywide,1,0,New York City,908,318,"5,371","311,300",2.9,1.0,17.3
2014,UHF42,101,4,Kingsbridge - Riverdale,4*,2*,33,"3,200",1.2*,0.6*,10.2
2014,UHF42,102,4,Northeast Bronx,21,9*,115,"6,200",3.4,1.5*,18.6
2014,UHF42,103,4,Fordham - Bronx Pk,48,18,281,"12,700",3.8,1.4,22.2
2014,UHF42,104,4,Pelham - Throgs Neck,32,14,200,"11,200",2.9,1.2,17.8
2014,UHF42,105,4,Crotona -Tremont,28,12,191,"10,900",2.6,1.1,17.5
2014,UHF42,106,4,High Bridge - Morrisania,33,10*,222,"11,500",2.9,0.9*,19.3
2014,UHF42,107,4,Hunts Point - Mott Haven,11*,3*,141,"7,400",1.5*,0.4*,19.0
2014,UHF42,201,4,Greenpoint,23,8*,229,"4,100",5.6,2.0*,56.1
2014,UHF42,202,4,Downtown - Heights - Slope,18,3*,144,"7,400",2.4,0.4*,19.5
2014,UHF42,203,4,Bedford Stuyvesant - Crown Heights,50,16,368,"13,700",3.6,1.2,26.9
2014,UHF42,204,4,East New York,40,17,220,"10,200",3.9,1.7,21.6
2014,UHF42,205,4,Sunset Park,17,8*,161,"9,200",1.9,0.9*,17.5
2014,UHF42,206,4,Borough Park,101,34,702,"17,100",5.9,2.0,41.1
2014,UHF42,207,4,East Flatbush - Flatbush,38,11*,304,"12,200",3.1,0.9*,25.0
2014,UHF42,208,4,Canarsie - Flatlands,8*,2*,97,"7,300",1.1*,0.3*,13.3
2014,UHF42,209,4,Bensonhurst - Bay Ridge,35,11*,167,"7,300",4.8,1.5*,22.8
2014,UHF42,210,4,Coney Island - Sheepshead Bay,42,19,262,"10,600",3.9,1.8,24.6
2014,UHF42,211,4,Williamsburg - Bushwick,40,20,271,"9,900",4.0,2.0,27.3
2014,UHF42,301,4,Washington Heights,22,6*,144,"9,500",2.3,0.6*,15.1
2014,UHF42,302,4,Central Harlem - Morningside Heights,9*,6*,88,"5,500",1.6*,1.1*,16.0
2014,UHF42,303,4,East Harlem,7*,4*,66,"3,800",1.9*,1.1*,17.5
2014,UHF42,304,4,Upper West Side,4*,0*,54,"4,500",0.9*,0.0*,11.9
2014,UHF42,305,4,Upper East Side,3*,0*,35,"4,200",0.7*,0.0*,8.4
2014,UHF42,306,4,Chelsea - Clinton,1*,0*,24,"1,700",0.6*,0.0*,14.4
2014,UHF42,307,4,Gramercy Park - Murray Hill,4*,0*,13,"1,800",2.3*,0.0*,7.4
2014,UHF42,308,4,Greenwich Village - SoHo,7*,1*,37,"1,300",5.3*,0.8*,28.1
2014,UHF42,309,4,Union Square - Lower East Side,8*,2*,59,"3,900",2.0*,0.5*,15.1
2014,UHF42,310,4,Lower Manhattan,3*,1*,9*,"1,400",2.2*,0.7*,6.5*
2014,UHF42,401,4,Long Island City - Astoria,18,4*,136,"6,700",2.7,0.6*,20.2
2014,UHF42,402,4,West Queens,74,17,473,"22,400",3.3,0.8,21.1
2014,UHF42,403,4,Flushing - Clearview,17,4*,119,"8,800",1.9,0.5*,13.5
2014,UHF42,404,4,Bayside - Little Neck,2*,0*,9*,"2,200",0.9*,0.0*,4.2*
2014,UHF42,405,4,Ridgewood - Forest Hills,23,6*,167,"9,500",2.4,0.6*,17.6
2014,UHF42,406,4,Fresh Meadows,7*,5*,45,"4,200",1.7*,1.2*,10.8
2014,UHF42,407,4,Southwest Queens,51,25,238,"11,000",4.6,2.3,21.6
2014,UHF42,408,4,Jamaica,54,24,282,"13,500",4.0,1.8,20.9
2014,UHF42,409,4,Southeast Queens,13,5*,97,"6,100",2.1,0.8*,16.0
2014,UHF42,410,4,Rockaways,12,5*,88,"4,900",2.4,1.0*,18.0
2014,UHF42,501,4,Port Richmond,16,2*,100,"3,000",5.3,0.7*,33.0
2014,UHF42,502,4,Stapleton - St. George,11*,5*,96,"4,600",2.4*,1.1*,20.8
2014,UHF42,503,4,Willowbrook,2*,1*,16,"2,200",0.9*,0.4*,7.1
2014,UHF42,504,4,South Beach - Tottenville,2*,1*,26,"4,100",0.5*,0.2*,6.3
2014,Borough,1,1,Bronx,177,68,"1,186","63,400",2.8,1.1,18.7
2014,Borough,2,1,Brooklyn,412,149,"2,929","109,300",3.8,1.4,26.8
2014,Borough,3,1,Manhattan,68,20,539,"38,400",1.8,0.5,14.0
2014,Borough,4,1,Queens,271,95,"1,658","89,400",3.0,1.1,18.6
2014,Borough,5,1,Staten Island,31,9,238,"14,000",2.2,0.6,17.0
2014,Citywide,1,0,New York City,959,341,"6,550","314,500",3.0,1.1,20.8
2013,UHF42,101,4,Kingsbridge - Riverdale,4*,0*,30,"3,300",1.2*,0.0*,9.0
2013,UHF42,102,4,Northeast Bronx,21,8*,121,"6,500",3.2,1.2*,18.6
2013,UHF42,103,4,Fordham - Bronx Pk,57,23,309,"12,800",4.5,1.8,24.2
2013,UHF42,104,4,Pelham - Throgs Neck,31,11*,201,"11,700",2.6,0.9*,17.2
2013,UHF42,105,4,Crotona -Tremont,30,18,212,"11,200",2.7,1.6,19.0
2013,UHF42,106,4,High Bridge - Morrisania,31,9*,281,"11,800",2.6,0.8*,23.8
2013,UHF42,107,4,Hunts Point - Mott Haven,19,5*,155,"7,700",2.5,0.6*,20.1
2013,UHF42,201,4,Greenpoint,31,11*,329,"4,500",6.9,2.5*,73.6
2013,UHF42,202,4,Downtown - Heights - Slope,15,8*,159,"7,200",2.1,1.1*,21.9
2013,UHF42,203,4,Bedford Stuyvesant - Crown Heights,52,17,357,"14,300",3.6,1.2,24.9
2013,UHF42,204,4,East New York,32,12,239,"10,400",3.1,1.2,23.0
2013,UHF42,205,4,Sunset Park,20,7*,183,"9,000",2.2,0.8*,20.3
2013,UHF42,206,4,Borough Park,76,24,780,"17,000",4.5,1.4,45.8
2013,UHF42,207,4,East Flatbush - Flatbush,43,15,387,"12,800",3.4,1.2,30.2
2013,UHF42,208,4,Canarsie - Flatlands,9*,2*,120,"7,300",1.2*,0.3*,16.4
2013,UHF42,209,4,Bensonhurst - Bay Ridge,29,9*,169,"7,400",3.9,1.2*,22.7
2013,UHF42,210,4,Coney Island - Sheepshead Bay,36,17,327,"10,800",3.3,1.6,30.2
2013,UHF42,211,4,Williamsburg - Bushwick,37,15,315,"10,600",3.5,1.4,29.7
2013,UHF42,301,4,Washington Heights,24,9*,163,"9,900",2.4,0.9*,16.4
2013,UHF42,302,4,Central Harlem - Morningside Heights,9*,2*,121,"5,900",1.5*,0.3*,20.4
2013,UHF42,303,4,East Harlem,10*,7*,60,"3,900",2.5*,1.8*,15.2
2013,UHF42,304,4,Upper West Side,4*,2*,62,"4,900",0.8*,0.4*,12.6
2013,UHF42,305,4,Upper East Side,2*,1*,39,"4,700",0.4*,0.2*,8.4
2013,UHF42,306,4,Chelsea - Clinton,2*,1*,38,"1,800",1.1*,0.5*,20.9
2013,UHF42,307,4,Gramercy Park - Murray Hill,3*,0*,28,"2,000",1.5*,0.0*,14.1
2013,UHF42,308,4,Greenwich Village - SoHo,3*,1*,37,"1,500",2.0*,0.7*,24.6
2013,UHF42,309,4,Union Square - Lower East Side,8*,2*,59,"4,200",1.9*,0.5*,13.9
2013,UHF42,310,4,Lower Manhattan,3*,2*,11*,"1,600",1.9*,1.2*,6.9*
2013,UHF42,401,4,Long Island City - Astoria,15,5*,137,"6,800",2.2,0.7*,20.3
2013,UHF42,402,4,West Queens,72,21,459,"22,900",3.1,0.9,20.1
2013,UHF42,403,4,Flushing - Clearview,15,3*,111,"8,700",1.7,0.3*,12.8
2013,UHF42,404,4,Bayside - Little Neck,1*,0*,13,"2,200",0.5*,0.0*,5.9
2013,UHF42,405,4,Ridgewood - Forest Hills,17,4*,154,"9,600",1.8,0.4*,16.1
2013,UHF42,406,4,Fresh Meadows,4*,3*,60,"4,100",1.0*,0.7*,14.7
2013,UHF42,407,4,Southwest Queens,39,15,239,"11,400",3.4,1.3,20.9
2013,UHF42,408,4,Jamaica,47,15,287,"13,400",3.5,1.1,21.5
2013,UHF42,409,4,Southeast Queens,18,8*,95,"6,100",3.0,1.3*,15.7
2013,UHF42,410,4,Rockaways,11*,3*,81,"4,800",2.3*,0.6*,17.0
2013,UHF42,501,4,Port Richmond,12,4*,105,"3,300",3.7,1.2*,32.1
2013,UHF42,502,4,Stapleton - St. George,14,4*,102,"4,800",2.9,0.8*,21.2
2013,UHF42,503,4,Willowbrook,1*,1*,22,"2,300",0.4*,0.4*,9.5
2013,UHF42,504,4,South Beach - Tottenville,3*,1*,28,"4,200",0.7*,0.2*,6.6
2013,Borough,1,1,Bronx,193,74,"1,312","65,300",3.0,1.1,20.1
2013,Borough,2,1,Brooklyn,380,137,"3,370","111,800",3.4,1.2,30.1
2013,Borough,3,1,Manhattan,68,27,622,"41,100",1.7,0.7,15.1
2013,Borough,4,1,Queens,239,77,"1,638","89,900",2.7,0.9,18.2
2013,Borough,5,1,Staten Island,30,10,260,"14,700",2.0,0.7,17.7
2013,Citywide,1,0,New York City,910,325,"7,204","322,900",2.8,1.0,22.3
2012,UHF42,101,4,Kingsbridge - Riverdale,5*,3*,33,"3,400",1.5*,0.9*,9.8
2012,UHF42,102,4,Northeast Bronx,23,12,130,"6,600",3.5,1.8,19.7
2012,UHF42,103,4,Fordham - Bronx Pk,52,22,348,"12,900",4.0,1.7,27.0
2012,UHF42,104,4,Pelham - Throgs Neck,24,11*,193,"12,000",2.0,0.9*,16.1
2012,UHF42,105,4,Crotona -Tremont,29,15,260,"11,400",2.5,1.3,22.8
2012,UHF42,106,4,High Bridge - Morrisania,34,14,273,"12,000",2.8,1.2,22.8
2012,UHF42,107,4,Hunts Point - Mott Haven,17,4*,148,"8,200",2.1,0.5*,18.0
2012,UHF42,201,4,Greenpoint,47,10*,394,"4,900",9.7,2.1*,80.9
2012,UHF42,202,4,Downtown - Heights - Slope,25,6*,217,"7,600",3.3,0.8*,28.4
2012,UHF42,203,4,Bedford Stuyvesant - Crown Heights,69,22,477,"14,800",4.7,1.5,32.1
2012,UHF42,204,4,East New York,25,10*,279,"10,600",2.4,0.9*,26.4
2012,UHF42,205,4,Sunset Park,24,10*,225,"9,100",2.6,1.1*,24.7
2012,UHF42,206,4,Borough Park,102,33,887,"16,900",6.0,2.0,52.6
2012,UHF42,207,4,East Flatbush - Flatbush,35,13,450,"13,400",2.6,1.0,33.6
2012,UHF42,208,4,Canarsie - Flatlands,13,3*,129,"7,400",1.7,0.4*,17.4
2012,UHF42,209,4,Bensonhurst - Bay Ridge,34,10*,163,"6,900",4.9,1.4*,23.5
2012,UHF42,210,4,Coney Island - Sheepshead Bay,36,14,374,"10,500",3.4,1.3,35.6
2012,UHF42,211,4,Williamsburg - Bushwick,50,17,417,"11,200",4.5,1.5,37.2
2012,UHF42,301,4,Washington Heights,24,13,179,"10,600",2.3,1.2,16.9
2012,UHF42,302,4,Central Harlem - Morningside Heights,10*,2*,94,"6,100",1.6*,0.3*,15.4
2012,UHF42,303,4,East Harlem,7*,3*,63,"4,200",1.7*,0.7*,15.1
2012,UHF42,304,4,Upper West Side,10*,3*,68,"4,800",2.1*,0.6*,14.1
2012,UHF42,305,4,Upper East Side,4*,3*,51,"4,800",0.8*,0.6*,10.7
2012,UHF42,306,4,Chelsea - Clinton,4*,1*,37,"2,100",1.9*,0.5*,17.4
2012,UHF42,307,4,Gramercy Park - Murray Hill,3*,1*,27,"2,000",1.5*,0.5*,13.3
2012,UHF42,308,4,Greenwich Village - SoHo,5*,1*,34,"1,600",3.1*,0.6*,21.4
2012,UHF42,309,4,Union Square - Lower East Side,11*,5*,82,"4,600",2.4*,1.1*,17.9
2012,UHF42,310,4,Lower Manhattan,1*,0*,17,"1,600",0.6*,0.0*,10.6
2012,UHF42,401,4,Long Island City - Astoria,18,7*,162,"6,900",2.6,1.0*,23.4
2012,UHF42,402,4,West Queens,93,40,529,"23,400",4.0,1.7,22.6
2012,UHF42,403,4,Flushing - Clearview,19,9*,114,"8,400",2.3,1.1*,13.5
2012,UHF42,404,4,Bayside - Little Neck,2*,0*,11*,"2,200",0.9*,0.0*,5.0*
2012,UHF42,405,4,Ridgewood - Forest Hills,28,9*,193,"9,400",3.0,1.0*,20.5
2012,UHF42,406,4,Fresh Meadows,6*,1*,54,"4,000",1.5*,0.3*,13.6
2012,UHF42,407,4,Southwest Queens,43,24,262,"11,300",3.8,2.1,23.2
2012,UHF42,408,4,Jamaica,41,17,330,"13,600",3.0,1.3,24.3
2012,UHF42,409,4,Southeast Queens,21,9*,119,"6,200",3.4,1.5*,19.3
2012,UHF42,410,4,Rockaways,15,3*,85,"5,000",3.0,0.6*,17.1
2012,UHF42,501,4,Port Richmond,17,2*,98,"3,400",5.1,0.6*,29.2
2012,UHF42,502,4,Stapleton - St. George,19,7*,97,"4,800",3.9,1.5*,20.1
2012,UHF42,503,4,Willowbrook,6*,3*,27,"2,400",2.5*,1.2*,11.2
2012,UHF42,504,4,South Beach - Tottenville,2*,0*,24,"4,100",0.5*,0.0*,5.9
2012,Borough,1,1,Bronx,184,81,"1,396","66,800",2.8,1.2,20.9
2012,Borough,2,1,Brooklyn,460,148,"4,017","113,700",4.0,1.3,35.3
2012,Borough,3,1,Manhattan,79,32,654,"42,700",1.8,0.7,15.3
2012,Borough,4,1,Queens,286,119,"1,864","90,600",3.2,1.3,20.6
2012,Borough,5,1,Staten Island,44,12,246,"14,700",3.0,0.8,16.8
2012,Citywide,1,0,New York City,"1,053",392,"8,179","328,600",3.2,1.2,24.9
2011,UHF42,101,4,Kingsbridge - Riverdale,7*,2*,61,"3,400",2.1*,0.6*,18.1
2011,UHF42,102,4,Northeast Bronx,24,12,186,"7,100",3.4,1.7,26.4
2011,UHF42,103,4,Fordham - Bronx Pk,75,26,453,"13,900",5.4,1.9,32.5
2011,UHF42,104,4,Pelham - Throgs Neck,43,9*,343,"12,400",3.5,0.7*,27.6
2011,UHF42,105,4,Crotona -Tremont,25,4*,338,"11,900",2.1,0.3*,28.4
2011,UHF42,106,4,High Bridge - Morrisania,32,11*,380,"12,500",2.6,0.9*,30.4
2011,UHF42,107,4,Hunts Point - Mott Haven,25,11*,227,"8,500",2.9,1.3*,26.6
2011,UHF42,201,4,Greenpoint,53,12,526,"5,000",10.6,2.4,104.9
2011,UHF42,202,4,Downtown - Heights - Slope,31,3*,311,"8,300",3.7,0.4*,37.5
2011,UHF42,203,4,Bedford Stuyvesant - Crown Heights,73,26,727,"16,100",4.5,1.6,45.1
2011,UHF42,204,4,East New York,49,15,426,"11,200",4.4,1.3,38.2
2011,UHF42,205,4,Sunset Park,28,10*,332,"9,300",3.0,1.1*,35.7
2011,UHF42,206,4,Borough Park,121,35,"1,061","17,000",7.1,2.1,62.4
2011,UHF42,207,4,East Flatbush - Flatbush,69,26,670,"14,500",4.7,1.8,46.1
2011,UHF42,208,4,Canarsie - Flatlands,11*,3*,192,"7,900",1.4*,0.4*,24.2
2011,UHF42,209,4,Bensonhurst - Bay Ridge,35,11*,241,"7,100",5.0,1.6*,34.2
2011,UHF42,210,4,Coney Island - Sheepshead Bay,60,20,452,"11,000",5.5,1.8,41.1
2011,UHF42,211,4,Williamsburg - Bushwick,65,21,530,"12,000",5.4,1.7,44.0
2011,UHF42,301,4,Washington Heights,35,16,269,"11,200",3.1,1.4,24.1
2011,UHF42,302,4,Central Harlem - Morningside Heights,22,6*,192,"6,300",3.5,0.9*,30.3
2011,UHF42,303,4,East Harlem,12,6*,116,"4,400",2.7,1.4*,26.2
2011,UHF42,304,4,Upper West Side,12,7*,71,"5,100",2.4,1.4*,13.9
2011,UHF42,305,4,Upper East Side,11*,5*,65,"5,000",2.2*,1.0*,13.1
2011,UHF42,306,4,Chelsea - Clinton,4*,3*,41,"2,200",1.9*,1.4*,19.0
2011,UHF42,307,4,Gramercy Park - Murray Hill,2*,1*,33,"2,100",1.0*,0.5*,16.1
2011,UHF42,308,4,Greenwich Village - SoHo,6*,3*,50,"1,700",3.6*,1.8*,29.6
2011,UHF42,309,4,Union Square - Lower East Side,5*,0*,129,"4,900",1.0*,0.0*,26.1
2011,UHF42,310,4,Lower Manhattan,1*,1*,20,"1,600",0.6*,0.6*,12.3
2011,UHF42,401,4,Long Island City - Astoria,35,11*,189,"7,000",5.0,1.6*,27.1
2011,UHF42,402,4,West Queens,118,44,764,"23,400",5.0,1.9,32.6
2011,UHF42,403,4,Flushing - Clearview,13,7*,149,"8,200",1.6,0.9*,18.1
2011,UHF42,404,4,Bayside - Little Neck,3*,1*,29,"2,200",1.4*,0.5*,13.2
2011,UHF42,405,4,Ridgewood - Forest Hills,35,14,288,"9,700",3.6,1.4,29.6
2011,UHF42,406,4,Fresh Meadows,4*,1*,67,"4,000",1.0*,0.3*,16.8
2011,UHF42,407,4,Southwest Queens,54,19,371,"11,800",4.6,1.6,31.4
2011,UHF42,408,4,Jamaica,59,21,452,"14,000",4.2,1.5,32.2
2011,UHF42,409,4,Southeast Queens,19,4*,198,"6,600",2.9,0.6*,30.2
2011,UHF42,410,4,Rockaways,13,6*,128,"5,400",2.4,1.1*,23.7
2011,UHF42,501,4,Port Richmond,20,5*,112,"3,500",5.6,1.4*,31.6
2011,UHF42,502,4,Stapleton - St. George,14,6*,129,"4,900",2.9,1.2*,26.4
2011,UHF42,503,4,Willowbrook,2*,1*,37,"2,500",0.8*,0.4*,14.6
2011,UHF42,504,4,South Beach - Tottenville,7*,2*,38,"4,400",1.6*,0.5*,8.6
2011,Borough,1,1,Bronx,231,75,"1,996","70,100",3.3,1.1,28.5
2011,Borough,2,1,Brooklyn,595,182,"5,483","119,800",5.0,1.5,45.8
2011,Borough,3,1,Manhattan,110,48,992,"44,700",2.5,1.1,22.2
2011,Borough,4,1,Queens,353,128,"2,649","92,900",3.8,1.4,28.5
2011,Borough,5,1,Staten Island,43,14,317,"15,400",2.8,0.9,20.6
2011,Citywide,1,0,New York City,"1,332",447,"11,437","342,900",3.9,1.3,33.4
2010,UHF42,101,4,Kingsbridge - Riverdale,6*,3*,74,"3,500",1.7*,0.9*,21.4
2010,UHF42,102,4,Northeast Bronx,31,14,255,"7,300",4.2,1.9,34.7
2010,UHF42,103,4,Fordham - Bronx Pk,76,21,629,"13,900",5.5,1.5,45.1
2010,UHF42,104,4,Pelham - Throgs Neck,53,17,405,"12,300",4.3,1.4,32.8
2010,UHF42,105,4,Crotona -Tremont,40,11*,435,"11,900",3.4,0.9*,36.5
2010,UHF42,106,4,High Bridge - Morrisania,54,23,516,"12,300",4.4,1.9,42.0
2010,UHF42,107,4,Hunts Point - Mott Haven,30,12,294,"8,400",3.6,1.4,35.0
2010,UHF42,201,4,Greenpoint,59,25,519,"5,100",11.5,4.9,101.5
2010,UHF42,202,4,Downtown - Heights - Slope,49,17,355,"8,200",6.0,2.1,43.5
2010,UHF42,203,4,Bedford Stuyvesant - Crown Heights,81,28,801,"16,000",5.1,1.7,50.0
2010,UHF42,204,4,East New York,50,21,434,"11,200",4.5,1.9,38.8
2010,UHF42,205,4,Sunset Park,34,16,348,"8,600",3.9,1.9,40.4
2010,UHF42,206,4,Borough Park,136,44,"1,152","15,800",8.6,2.8,73.0
2010,UHF42,207,4,East Flatbush - Flatbush,81,33,788,"14,600",5.6,2.3,54.0
2010,UHF42,208,4,Canarsie - Flatlands,25,5*,262,"8,000",3.1,0.6*,32.8
2010,UHF42,209,4,Bensonhurst - Bay Ridge,52,17,284,"7,100",7.3,2.4,40.1
2010,UHF42,210,4,Coney Island - Sheepshead Bay,54,17,518,"10,500",5.2,1.6,49.5
2010,UHF42,211,4,Williamsburg - Bushwick,86,27,701,"12,200",7.1,2.2,57.7
2010,UHF42,301,4,Washington Heights,36,14,297,"11,000",3.3,1.3,27.1
2010,UHF42,302,4,Central Harlem - Morningside Heights,22,6*,249,"6,300",3.5,1.0*,39.6
2010,UHF42,303,4,East Harlem,19,9*,144,"4,500",4.3,2.0*,32.4
2010,UHF42,304,4,Upper West Side,16,4*,100,"5,700",2.8,0.7*,17.6
2010,UHF42,305,4,Upper East Side,4*,1*,47,"4,900",0.8*,0.2*,9.6
2010,UHF42,306,4,Chelsea - Clinton,4*,1*,48,"2,200",1.8*,0.5*,21.6
2010,UHF42,307,4,Gramercy Park - Murray Hill,7*,2*,51,"2,200",3.2*,0.9*,23.5
2010,UHF42,308,4,Greenwich Village - SoHo,7*,2*,74,"1,700",4.1*,1.2*,42.8
2010,UHF42,309,4,Union Square - Lower East Side,15,4*,172,"4,900",3.0,0.8*,34.8
2010,UHF42,310,4,Lower Manhattan,3*,2*,40,"1,600",1.9*,1.3*,25.2
2010,UHF42,401,4,Long Island City - Astoria,26,9*,278,"6,900",3.7,1.3*,40.0
2010,UHF42,402,4,West Queens,151,67,994,"23,200",6.5,2.9,42.8
2010,UHF42,403,4,Flushing - Clearview,23,7*,241,"8,400",2.7,0.8*,28.7
2010,UHF42,404,4,Bayside - Little Neck,4*,1*,52,"2,200",1.8*,0.5*,24.0
2010,UHF42,405,4,Ridgewood - Forest Hills,30,9*,384,"9,400",3.2,1.0*,40.8
2010,UHF42,406,4,Fresh Meadows,11*,4*,93,"3,900",2.8*,1.0*,24.0
2010,UHF42,407,4,Southwest Queens,57,29,459,"11,700",4.9,2.5,39.1
2010,UHF42,408,4,Jamaica,63,25,563,"13,900",4.5,1.8,40.5
2010,UHF42,409,4,Southeast Queens,17,4*,247,"6,600",2.6,0.6*,37.3
2010,UHF42,410,4,Rockaways,18,6*,202,"5,400",3.3,1.1*,37.6
2010,UHF42,501,4,Port Richmond,20,6*,146,"3,600",5.6,1.7*,40.8
2010,UHF42,502,4,Stapleton - St. George,11*,1*,145,"5,000",2.2*,0.2*,29.3
2010,UHF42,503,4,Willowbrook,5*,0*,37,"2,600",1.9*,0.0*,14.1
2010,UHF42,504,4,South Beach - Tottenville,8*,2*,59,"4,800",1.7*,0.4*,12.4
2010,Borough,1,1,Bronx,290,101,"2,625","70,100",4.1,1.4,37.5
2010,Borough,2,1,Brooklyn,707,250,"6,182","117,500",6.0,2.1,52.6
2010,Borough,3,1,Manhattan,133,45,"1,228","45,100",3.0,1.0,27.2
2010,Borough,4,1,Queens,400,161,"3,528","92,200",4.3,1.7,38.2
2010,Borough,5,1,Staten Island,44,9,388,"15,900",2.8,0.6,24.3
2010,Citywide,1,0,New York City,"1,574",566,"13,951","340,900",4.6,1.7,40.9
2009,UHF42,101,4,Kingsbridge - Riverdale,7*,1*,85,"3,300",2.1*,0.3*,25.5
2009,UHF42,102,4,Northeast Bronx,27,12,274,"7,500",3.6,1.6,36.5
2009,UHF42,103,4,Fordham - Bronx Pk,74,31,647,"13,900",5.3,2.2,46.5
2009,UHF42,104,4,Pelham - Throgs Neck,34,11*,457,"12,200",2.8,0.9*,37.4
2009,UHF42,105,4,Crotona -Tremont,55,20,486,"12,100",4.6,1.7,40.3
2009,UHF42,106,4,High Bridge - Morrisania,52,19,502,"12,400",4.2,1.5,40.6
2009,UHF42,107,4,Hunts Point - Mott Haven,29,9*,279,"8,200",3.5,1.1*,33.9
2009,UHF42,201,4,Greenpoint,72,19,597,"4,900",14.6,3.9,121.1
2009,UHF42,202,4,Downtown - Heights - Slope,33,13,378,"7,500",4.4,1.7,50.5
2009,UHF42,203,4,Bedford Stuyvesant - Crown Heights,72,26,834,"15,900",4.5,1.6,52.5
2009,UHF42,204,4,East New York,57,23,504,"11,200",5.1,2.1,45.0
2009,UHF42,205,4,Sunset Park,42,15,432,"7,800",5.4,1.9,55.4
2009,UHF42,206,4,Borough Park,137,51,"1,223","14,300",9.6,3.6,85.3
2009,UHF42,207,4,East Flatbush - Flatbush,80,26,799,"14,000",5.7,1.9,56.9
2009,UHF42,208,4,Canarsie - Flatlands,23,6*,272,"7,500",3.1,0.8*,36.1
2009,UHF42,209,4,Bensonhurst - Bay Ridge,34,19,281,"6,600",5.1,2.9,42.3
2009,UHF42,210,4,Coney Island - Sheepshead Bay,59,22,608,"9,800",6.0,2.2,62.0
2009,UHF42,211,4,Williamsburg - Bushwick,89,32,765,"11,900",7.5,2.7,64.5
2009,UHF42,301,4,Washington Heights,38,15,342,"10,900",3.5,1.4,31.5
2009,UHF42,302,4,Central Harlem - Morningside Heights,32,8*,289,"6,200",5.2,1.3*,46.6
2009,UHF42,303,4,East Harlem,15,6*,158,"4,500",3.3,1.3*,35.1
2009,UHF42,304,4,Upper West Side,13,3*,180,"5,500",2.4,0.5*,32.9
2009,UHF42,305,4,Upper East Side,7*,1*,110,"4,300",1.6*,0.2*,25.6
2009,UHF42,306,4,Chelsea - Clinton,5*,2*,89,"2,200",2.3*,0.9*,41.3
2009,UHF42,307,4,Gramercy Park - Murray Hill,4*,0*,69,"2,000",2.0*,0.0*,34.6
2009,UHF42,308,4,Greenwich Village - SoHo,6*,0*,82,"1,500",4.1*,0.0*,55.6
2009,UHF42,309,4,Union Square - Lower East Side,8*,4*,223,"5,000",1.6*,0.8*,44.4
2009,UHF42,310,4,Lower Manhattan,1*,0*,32,"1,100",0.9*,0.0*,27.9
2009,UHF42,401,4,Long Island City - Astoria,24,12,291,"6,900",3.5,1.7,42.0
2009,UHF42,402,4,West Queens,126,42,"1,035","23,300",5.4,1.8,44.4
2009,UHF42,403,4,Flushing - Clearview,23,9*,239,"8,200",2.8,1.1*,29.3
2009,UHF42,404,4,Bayside - Little Neck,7*,2*,63,"2,200",3.2*,0.9*,28.6
2009,UHF42,405,4,Ridgewood - Forest Hills,47,16,369,"8,800",5.4,1.8,42.1
2009,UHF42,406,4,Fresh Meadows,9*,2*,131,"3,800",2.4*,0.5*,34.2
2009,UHF42,407,4,Southwest Queens,62,25,494,"11,600",5.3,2.1,42.5
2009,UHF42,408,4,Jamaica,61,22,555,"13,500",4.5,1.6,41.2
2009,UHF42,409,4,Southeast Queens,29,9*,289,"6,600",4.4,1.4*,43.6
2009,UHF42,410,4,Rockaways,15,8*,164,"5,100",2.9,1.6*,32.2
2009,UHF42,501,4,Port Richmond,25,11*,164,"3,400",7.3,3.2*,47.6
2009,UHF42,502,4,Stapleton - St. George,17,7*,210,"4,800",3.5,1.5*,43.5
2009,UHF42,503,4,Willowbrook,11*,3*,65,"2,600",4.3*,1.2*,25.1
2009,UHF42,504,4,South Beach - Tottenville,4*,3*,85,"4,700",0.8*,0.6*,18.0
2009,Borough,1,1,Bronx,278,103,"2,742","70,000",4.0,1.5,39.2
2009,Borough,2,1,Brooklyn,698,252,"6,719","111,900",6.2,2.3,60.0
2009,Borough,3,1,Manhattan,129,39,"1,579","43,300",3.0,0.9,36.4
2009,Borough,4,1,Queens,403,147,"3,649","90,700",4.4,1.6,40.2
2009,Borough,5,1,Staten Island,57,24,528,"15,600",3.6,1.5,33.8
2009,Citywide,1,0,New York City,"1,565",565,"15,224","331,800",4.7,1.7,45.9
2008,UHF42,101,4,Kingsbridge - Riverdale,3*,1*,147,"3,200",0.9*,0.3*,45.7
2008,UHF42,102,4,Northeast Bronx,33,14,420,"7,300",4.5,1.9,57.3
2008,UHF42,103,4,Fordham - Bronx Pk,75,25,951,"13,700",5.5,1.8,69.5
2008,UHF42,104,4,Pelham - Throgs Neck,45,11*,666,"12,100",3.7,0.9*,54.9
2008,UHF42,105,4,Crotona -Tremont,56,21,746,"12,100",4.6,1.7,61.4
2008,UHF42,106,4,High Bridge - Morrisania,50,18,809,"12,500",4.0,1.4,64.8
2008,UHF42,107,4,Hunts Point - Mott Haven,30,15,484,"8,300",3.6,1.8,58.5
2008,UHF42,201,4,Greenpoint,64,21,657,"4,800",13.5,4.4,138.2
2008,UHF42,202,4,Downtown - Heights - Slope,40,12,476,"7,100",5.7,1.7,67.3
2008,UHF42,203,4,Bedford Stuyvesant - Crown Heights,103,42,"1,237","15,300",6.7,2.8,81.0
2008,UHF42,204,4,East New York,68,24,742,"10,800",6.3,2.2,68.5
2008,UHF42,205,4,Sunset Park,39,11*,502,"7,500",5.2,1.5*,66.8
2008,UHF42,206,4,Borough Park,152,51,"1,302","13,500",11.3,3.8,96.8
2008,UHF42,207,4,East Flatbush - Flatbush,94,32,"1,094","13,800",6.8,2.3,79.1
2008,UHF42,208,4,Canarsie - Flatlands,25,6*,392,"7,400",3.4,0.8*,52.7
2008,UHF42,209,4,Bensonhurst - Bay Ridge,42,16,327,"6,400",6.5,2.5,50.7
2008,UHF42,210,4,Coney Island - Sheepshead Bay,66,21,597,"9,400",7.0,2.2,63.7
2008,UHF42,211,4,Williamsburg - Bushwick,84,30,925,"11,700",7.2,2.6,79.4
2008,UHF42,301,4,Washington Heights,63,23,625,"11,200",5.6,2.1,56.0
2008,UHF42,302,4,Central Harlem - Morningside Heights,29,11*,425,"6,200",4.7,1.8*,68.8
2008,UHF42,303,4,East Harlem,21,5*,271,"4,600",4.6,1.1*,58.9
2008,UHF42,304,4,Upper West Side,20,7*,273,"5,500",3.6,1.3*,49.3
2008,UHF42,305,4,Upper East Side,10*,0*,118,"4,300",2.3*,0.0*,27.3
2008,UHF42,306,4,Chelsea - Clinton,16,1*,129,"2,100",7.7,0.5*,62.0
2008,UHF42,307,4,Gramercy Park - Murray Hill,7*,2*,77,"1,900",3.7*,1.1*,41.0
2008,UHF42,308,4,Greenwich Village - SoHo,7*,0*,115,"1,500",4.8*,0.0*,78.4
2008,UHF42,309,4,Union Square - Lower East Side,15,4*,324,"5,100",2.9,0.8*,63.7
2008,UHF42,310,4,Lower Manhattan,2*,2*,42,"1,000",1.9*,1.9*,40.9
2008,UHF42,401,4,Long Island City - Astoria,44,7*,405,"7,200",6.2,1.0*,56.6
2008,UHF42,402,4,West Queens,152,53,"1,448","23,100",6.6,2.3,62.6
2008,UHF42,403,4,Flushing - Clearview,24,11*,312,"8,000",3.0,1.4*,39.0
2008,UHF42,404,4,Bayside - Little Neck,5*,0*,65,"2,200",2.3*,0.0*,29.8
2008,UHF42,405,4,Ridgewood - Forest Hills,42,11*,474,"8,800",4.8,1.2*,53.7
2008,UHF42,406,4,Fresh Meadows,9*,5*,147,"3,600",2.5*,1.4*,40.4
2008,UHF42,407,4,Southwest Queens,70,23,626,"11,300",6.2,2.0,55.6
2008,UHF42,408,4,Jamaica,77,30,728,"13,400",5.8,2.2,54.4
2008,UHF42,409,4,Southeast Queens,28,13,357,"6,500",4.3,2.0,55.0
2008,UHF42,410,4,Rockaways,19,7*,228,"5,000",3.8,1.4*,45.9
2008,UHF42,501,4,Port Richmond,31,11*,218,"3,300",9.5,3.4*,66.6
2008,UHF42,502,4,Stapleton - St. George,36,12,258,"5,000",7.2,2.4,51.9
2008,UHF42,503,4,Willowbrook,1*,1*,55,"2,600",0.4*,0.4*,20.9
2008,UHF42,504,4,South Beach - Tottenville,5*,2*,74,"5,000",1.0*,0.4*,14.7
2008,Borough,1,1,Bronx,292,105,"4,254","69,800",4.2,1.5,60.9
2008,Borough,2,1,Brooklyn,777,266,"8,288","108,300",7.2,2.5,76.6
2008,Borough,3,1,Manhattan,190,55,"2,428","43,900",4.3,1.3,55.4
2008,Borough,4,1,Queens,471,160,"4,821","89,700",5.2,1.8,53.7
2008,Borough,5,1,Staten Island,73,26,611,"16,000",4.6,1.6,38.2
2008,Citywide,1,0,New York City,"1,803",612,"20,423","328,000",5.5,1.9,62.3
2007,UHF42,101,4,Kingsbridge - Riverdale,13,4*,243,"3,200",4.1,1.3*,76.6
2007,UHF42,102,4,Northeast Bronx,48,19,632,"7,100",6.8,2.7,89.5
2007,UHF42,103,4,Fordham - Bronx Pk,90,29,"1,288","13,300",6.8,2.2,97.0
2007,UHF42,104,4,Pelham - Throgs Neck,73,25,992,"11,700",6.2,2.1,84.6
2007,UHF42,105,4,Crotona -Tremont,99,22,"1,093","12,100",8.2,1.8,90.5
2007,UHF42,106,4,High Bridge - Morrisania,82,26,"1,179","12,400",6.6,2.1,95.3
2007,UHF42,107,4,Hunts Point - Mott Haven,33,10*,699,"8,100",4.1,1.2*,86.4
2007,UHF42,201,4,Greenpoint,94,19,864,"4,700",19.9,4.0,182.8
2007,UHF42,202,4,Downtown - Heights - Slope,58,19,699,"6,700",8.7,2.9,105.1
2007,UHF42,203,4,Bedford Stuyvesant - Crown Heights,155,52,"2,132","15,300",10.1,3.4,139.5
2007,UHF42,204,4,East New York,116,29,"1,378","10,700",10.9,2.7,128.9
2007,UHF42,205,4,Sunset Park,47,15,662,"6,700",7.0,2.2,98.3
2007,UHF42,206,4,Borough Park,138,57,"1,566","12,000",11.5,4.7,130.2
2007,UHF42,207,4,East Flatbush - Flatbush,139,44,"1,852","13,700",10.2,3.2,135.7
2007,UHF42,208,4,Canarsie - Flatlands,35,9*,628,"7,300",4.8,1.2*,86.0
2007,UHF42,209,4,Bensonhurst - Bay Ridge,35,12,437,"6,200",5.6,1.9,70.2
2007,UHF42,210,4,Coney Island - Sheepshead Bay,71,28,863,"9,100",7.8,3.1,95.3
2007,UHF42,211,4,Williamsburg - Bushwick,112,41,"1,432","11,400",9.8,3.6,125.8
2007,UHF42,301,4,Washington Heights,57,17,948,"11,100",5.1,1.5,85.2
2007,UHF42,302,4,Central Harlem - Morningside Heights,42,13,617,"6,200",6.7,2.1,98.9
2007,UHF42,303,4,East Harlem,16,6*,525,"4,700",3.4,1.3*,111.5
2007,UHF42,304,4,Upper West Side,23,4*,405,"5,600",4.1,0.7*,72.8
2007,UHF42,305,4,Upper East Side,13,2*,243,"4,800",2.7,0.4*,50.6
2007,UHF42,306,4,Chelsea - Clinton,16,3*,186,"2,100",7.6,1.4*,88.2
2007,UHF42,307,4,Gramercy Park - Murray Hill,7*,0*,151,"1,900",3.7*,0.0*,79.2
2007,UHF42,308,4,Greenwich Village - SoHo,10*,1*,188,"1,600",6.4*,0.6*,121.1
2007,UHF42,309,4,Union Square - Lower East Side,18,6*,527,"5,000",3.6,1.2*,106.1
2007,UHF42,310,4,Lower Manhattan,1*,0*,82,"1,000",1.0*,0.0*,79.2
2007,UHF42,401,4,Long Island City - Astoria,47,19,628,"7,000",6.7,2.7,89.9
2007,UHF42,402,4,West Queens,149,63,"1,785","21,200",7.0,3.0,84.3
2007,UHF42,403,4,Flushing - Clearview,21,8*,424,"7,400",2.9,1.1*,57.6
2007,UHF42,404,4,Bayside - Little Neck,5*,2*,86,"2,000",2.5*,1.0*,43.5
2007,UHF42,405,4,Ridgewood - Forest Hills,47,21,652,"8,100",5.8,2.6,80.4
2007,UHF42,406,4,Fresh Meadows,9*,6*,216,"3,500",2.6*,1.7*,61.6
2007,UHF42,407,4,Southwest Queens,133,29,993,"10,800",12.3,2.7,91.8
2007,UHF42,408,4,Jamaica,86,37,"1,052","12,600",6.8,2.9,83.2
2007,UHF42,409,4,Southeast Queens,30,6*,479,"6,200",4.9,1.0*,77.6
2007,UHF42,410,4,Rockaways,21,7*,326,"4,600",4.5,1.5*,70.2
2007,UHF42,501,4,Port Richmond,33,17,337,"3,400",9.7,5.0,99.5
2007,UHF42,502,4,Stapleton - St. George,40,14,414,"5,000",8.0,2.8,82.9
2007,UHF42,503,4,Willowbrook,4*,1*,88,"2,600",1.5*,0.4*,33.5
2007,UHF42,504,4,South Beach - Tottenville,12,3*,187,"5,300",2.3,0.6*,35.2
2007,Borough,1,1,Bronx,438,135,"6,174","68,300",6.4,2.0,90.4
2007,Borough,2,1,Brooklyn,"1,002",325,"12,622","104,500",9.6,3.1,120.7
2007,Borough,3,1,Manhattan,203,52,"3,935","44,600",4.5,1.2,88.2
2007,Borough,4,1,Queens,550,198,"6,699","84,100",6.5,2.4,79.6
2007,Borough,5,1,Staten Island,89,35,"1,049","16,500",5.4,2.1,63.5
2007,Citywide,1,0,New York City,"2,282",745,"30,493","318,200",7.2,2.3,95.8
2006,UHF42,101,4,Kingsbridge - Riverdale,18,7*,179,"2,900",6.1,2.4*,60.8
2006,UHF42,102,4,Northeast Bronx,39,19,714,"6,900",5.7,2.8,103.5
2006,UHF42,103,4,Fordham - Bronx Pk,120,40,"1,458","13,300",9.0,3.0,109.7
2006,UHF42,104,4,Pelham - Throgs Neck,62,16,"1,251","11,600",5.4,1.4,108.2
2006,UHF42,105,4,Crotona -Tremont,103,19,"1,337","11,900",8.6,1.6,111.9
2006,UHF42,106,4,High Bridge - Morrisania,89,28,"1,441","12,100",7.4,2.3,119.0
2006,UHF42,107,4,Hunts Point - Mott Haven,43,15,828,"7,900",5.5,1.9,105.0
2006,UHF42,201,4,Greenpoint,78,23,786,"4,600",16.8,5.0,169.3
2006,UHF42,202,4,Downtown - Heights - Slope,74,25,770,"6,600",11.3,3.8,117.2
2006,UHF42,203,4,Bedford Stuyvesant - Crown Heights,217,81,"2,442","15,100",14.4,5.4,162.3
2006,UHF42,204,4,East New York,167,48,"1,595","10,400",16.1,4.6,153.8
2006,UHF42,205,4,Sunset Park,48,19,737,"6,300",7.7,3.0,117.6
2006,UHF42,206,4,Borough Park,157,54,"1,660","11,900",13.2,4.6,139.9
2006,UHF42,207,4,East Flatbush - Flatbush,173,62,"2,121","13,900",12.5,4.5,153.0
2006,UHF42,208,4,Canarsie - Flatlands,46,15,700,"7,400",6.2,2.0,94.2
2006,UHF42,209,4,Bensonhurst - Bay Ridge,42,12,530,"6,200",6.8,1.9,85.2
2006,UHF42,210,4,Coney Island - Sheepshead Bay,72,26,919,"9,100",7.9,2.9,101.4
2006,UHF42,211,4,Williamsburg - Bushwick,155,47,"1,837","11,600",13.4,4.1,158.5
2006,UHF42,301,4,Washington Heights,104,36,"1,115","11,200",9.3,3.2,99.8
2006,UHF42,302,4,Central Harlem - Morningside Heights,42,15,776,"6,300",6.7,2.4,124.0
2006,UHF42,303,4,East Harlem,22,8*,762,"4,900",4.5,1.6*,154.2
2006,UHF42,304,4,Upper West Side,16,6*,422,"5,500",2.9,1.1*,76.6
2006,UHF42,305,4,Upper East Side,22,8*,248,"4,600",4.8,1.7*,53.8
2006,UHF42,306,4,Chelsea - Clinton,15,3*,188,"2,200",6.7,1.3*,84.5
2006,UHF42,307,4,Gramercy Park - Murray Hill,10*,4*,154,"2,000",5.1*,2.1*,78.9
2006,UHF42,308,4,Greenwich Village - SoHo,7*,2*,190,"1,500",4.8*,1.4*,129.9
2006,UHF42,309,4,Union Square - Lower East Side,23,9*,550,"5,000",4.6,1.8*,110.6
2006,UHF42,310,4,Lower Manhattan,5*,1*,66,800,6.1*,1.2*,80.5
2006,UHF42,401,4,Long Island City - Astoria,70,36,681,"7,000",10.1,5.2,97.8
2006,UHF42,402,4,West Queens,206,80,"2,336","21,200",9.7,3.8,110.1
2006,UHF42,403,4,Flushing - Clearview,33,10*,455,"7,000",4.7,1.4*,64.6
2006,UHF42,404,4,Bayside - Little Neck,4*,0*,80,"1,900",2.1*,0.0*,41.9
2006,UHF42,405,4,Ridgewood - Forest Hills,41,13,647,"8,000",5.1,1.6,81.0
2006,UHF42,406,4,Fresh Meadows,15,4*,218,"3,400",4.4,1.2*,63.4
2006,UHF42,407,4,Southwest Queens,135,35,"1,034","10,300",13.1,3.4,100.3
2006,UHF42,408,4,Jamaica,120,40,"1,146","12,300",9.7,3.2,93.0
2006,UHF42,409,4,Southeast Queens,30,12,556,"6,300",4.7,1.9,87.7
2006,UHF42,410,4,Rockaways,38,16,422,"4,600",8.3,3.5,92.5
2006,UHF42,501,4,Port Richmond,34,11*,293,"3,300",10.4,3.4*,89.3
2006,UHF42,502,4,Stapleton - St. George,47,19,405,"4,700",10.0,4.0,85.8
2006,UHF42,503,4,Willowbrook,4*,1*,96,"2,400",1.6*,0.4*,39.3
2006,UHF42,504,4,South Beach - Tottenville,16,3*,182,"5,200",3.1,0.6*,35.3
2006,Borough,1,1,Bronx,474,144,"7,272","67,200",7.1,2.1,108.2
2006,Borough,2,1,Brooklyn,"1,230",412,"14,199","103,800",11.9,4.0,136.9
2006,Borough,3,1,Manhattan,268,92,"4,531","44,600",6.0,2.1,101.7
2006,Borough,4,1,Queens,694,246,"7,638","82,800",8.4,3.0,92.3
2006,Borough,5,1,Staten Island,101,34,983,"15,600",6.5,2.2,62.9
2006,Citywide,1,0,New York City,"2,767",928,"34,629","313,900",8.8,3.0,110.3
2005,UHF42,101,4,Kingsbridge - Riverdale,22,4*,198,"2,800",8.0,1.5*,71.9
2005,UHF42,102,4,Northeast Bronx,51,17,826,"6,800",7.5,2.5,121.6
2005,UHF42,103,4,Fordham - Bronx Pk,132,36,"1,697","13,000",10.1,2.8,130.5
2005,UHF42,104,4,Pelham - Throgs Neck,86,24,"1,314","11,600",7.4,2.1,113.2
2005,UHF42,105,4,Crotona -Tremont,136,37,"1,534","11,300",12.0,3.3,135.5
2005,UHF42,106,4,High Bridge - Morrisania,112,33,"1,544","11,100",10.1,3.0,138.6
2005,UHF42,107,4,Hunts Point - Mott Haven,56,16,"1,085","7,500",7.5,2.1,144.5
2005,UHF42,201,4,Greenpoint,71,22,869,"5,100",14.0,4.3,171.1
2005,UHF42,202,4,Downtown - Heights - Slope,84,28,832,"6,500",12.9,4.3,127.4
2005,UHF42,203,4,Bedford Stuyvesant - Crown Heights,220,69,"2,528","16,100",13.6,4.3,156.8
2005,UHF42,204,4,East New York,156,47,"1,767","10,800",14.5,4.4,163.8
2005,UHF42,205,4,Sunset Park,72,26,852,"6,700",10.7,3.9,126.3
2005,UHF42,206,4,Borough Park,156,59,"1,537","12,000",13.0,4.9,127.9
2005,UHF42,207,4,East Flatbush - Flatbush,187,64,"2,214","14,800",12.7,4.3,150.0
2005,UHF42,208,4,Canarsie - Flatlands,46,17,701,"7,400",6.2,2.3,94.9
2005,UHF42,209,4,Bensonhurst - Bay Ridge,52,21,500,"5,900",8.8,3.5,84.3
2005,UHF42,210,4,Coney Island - Sheepshead Bay,79,25,"1,035","8,900",8.8,2.8,115.7
2005,UHF42,211,4,Williamsburg - Bushwick,178,70,"2,072","11,600",15.3,6.0,178.3
2005,UHF42,301,4,Washington Heights,112,31,"1,089","10,700",10.5,2.9,101.6
2005,UHF42,302,4,Central Harlem - Morningside Heights,60,16,892,"6,100",9.8,2.6,146.2
2005,UHF42,303,4,East Harlem,42,6*,778,"4,800",8.7,1.2*,161.8
2005,UHF42,304,4,Upper West Side,26,6*,427,"5,500",4.8,1.1*,78.2
2005,UHF42,305,4,Upper East Side,8*,5*,256,"4,800",1.7*,1.0*,53.4
2005,UHF42,306,4,Chelsea - Clinton,12,4*,227,"2,200",5.5,1.8*,104.9
2005,UHF42,307,4,Gramercy Park - Murray Hill,12,1*,153,"1,800",6.7,0.6*,85.7
2005,UHF42,308,4,Greenwich Village - SoHo,13,3*,209,"1,400",9.4,2.2*,150.5
2005,UHF42,309,4,Union Square - Lower East Side,33,12,643,"4,900",6.7,2.4,130.5
2005,UHF42,310,4,Lower Manhattan,5*,1*,94,800,5.9*,1.2*,111.5
2005,UHF42,401,4,Long Island City - Astoria,60,30,754,"7,000",8.6,4.3,108.2
2005,UHF42,402,4,West Queens,238,84,"2,267","19,300",12.3,4.4,117.5
2005,UHF42,403,4,Flushing - Clearview,56,21,458,"6,700",8.3,3.1,67.9
2005,UHF42,404,4,Bayside - Little Neck,3*,2*,103,"1,900",1.6*,1.0*,53.3
2005,UHF42,405,4,Ridgewood - Forest Hills,48,17,735,"7,800",6.2,2.2,94.8
2005,UHF42,406,4,Fresh Meadows,14,7*,204,"3,400",4.1,2.1*,60.1
2005,UHF42,407,4,Southwest Queens,123,39,"1,213","10,400",11.9,3.8,116.9
2005,UHF42,408,4,Jamaica,128,49,"1,331","12,300",10.4,4.0,108.2
2005,UHF42,409,4,Southeast Queens,50,17,641,"6,500",7.7,2.6,98.7
2005,UHF42,410,4,Rockaways,29,12,474,"4,500",6.5,2.7,106.3
2005,UHF42,501,4,Port Richmond,44,12,293,"2,800",16.0,4.4,106.5
2005,UHF42,502,4,Stapleton - St. George,50,18,421,"4,300",11.7,4.2,98.2
2005,UHF42,503,4,Willowbrook,3*,2*,108,"2,400",1.2*,0.8*,44.6
2005,UHF42,504,4,South Beach - Tottenville,15,4*,167,"5,000",3.0,0.8*,33.3
2005,Borough,1,1,Bronx,595,167,"8,245","64,500",9.2,2.6,127.7
2005,Borough,2,1,Brooklyn,"1,301",448,"15,015","106,800",12.2,4.2,140.6
2005,Borough,3,1,Manhattan,324,85,"4,851","43,900",7.4,1.9,110.6
2005,Borough,4,1,Queens,750,278,"8,238","80,400",9.3,3.5,102.5
2005,Borough,5,1,Staten Island,112,36,990,"14,500",7.7,2.5,68.2
2005,Citywide,1,0,New York City,"3,082","1,014","37,344","310,100",9.9,3.3,120.4